<transfer:TransferRequest xmlns:transfer="http://basware.com/">
	<web:PostRequest xmlns:web="http://www.coda.com/efinance/schemas/inputext/input-14.0/webservice" xmlns:inp="http://www.coda.com/efinance/schemas/inputext" xmlns:tran="http://www.coda.com/efinance/schemas/transaction">
		<web:PostOptions postto="books"/>
		<web:PostData>
			<inp:DocumentWideData>
				<inp:ValueDate>2021-02-03T00:00:00</inp:ValueDate>
			</inp:DocumentWideData>
		</web:PostData>
		<web:Transaction>
			<tran:Header>
				<tran:Key>
					<tran:CmpCode>7001</tran:CmpCode>
					<tran:Code>XPRYD</tran:Code>
				</tran:Key>
				<tran:CurCode>EUR</tran:CurCode>
				<tran:Date>2023-07-19 17:00:00</tran:Date>
				<tran:Description/>
			</tran:Header>
			<tran:Lines>
				<tran:Line>
					<tran:Number>1</tran:Number>
					<tran:AccountCode>1622.EM120435</tran:AccountCode>
					<tran:DocValue>-236.96</tran:DocValue>
					<tran:LineType>summary</tran:LineType>
					<tran:LineSense>credit</tran:LineSense>
					<tran:Description>Rydoo cleanup initiative</tran:Description>
					<tran:ExtRef1>XPD071591641</tran:ExtRef1>
					<tran:ExtRef2>000000071591641</tran:ExtRef2>
					<tran:ExtRef3>Air Tickets</tran:ExtRef3>
					<tran:ExtRef4>LodgeCard</tran:ExtRef4>
					<tran:ExtRef5>EUR</tran:ExtRef5>
					<tran:ExtRef6>-236.96</tran:ExtRef6>
				</tran:Line>
				<tran:Line>
					<tran:Number>2</tran:Number>
					<tran:AccountCode>5811.FRA001.FR7001.CC0762.0.0.EM120435</tran:AccountCode>
					<tran:DocValue>-236.96</tran:DocValue>
					<tran:LineType>analysis</tran:LineType>
					<tran:LineSense>debit</tran:LineSense>
					<tran:Description>KLM Royal Dutch Airlines</tran:Description>
					<tran:ExtRef1>XPD071591641</tran:ExtRef1>
					<tran:ExtRef2>000000071591641</tran:ExtRef2>
					<tran:ExtRef3>Air Tickets</tran:ExtRef3>
					<tran:ExtRef4>LodgeCard</tran:ExtRef4>
					<tran:ExtRef5>EUR</tran:ExtRef5>
					<tran:ExtRef6>-236.96</tran:ExtRef6>
				</tran:Line>
			</tran:Lines>
		</web:Transaction>
	</web:PostRequest>
	<transfer:docid>RYDOO_000000071591641</transfer:docid>
</transfer:TransferRequest>
